Date,DailySales,Weekend,Public Holiday,month_1,month_2,month_3,month_4,month_5,month_6,month_7,month_8,month_9,month_10,month_11,month_12,Weekday_1,Weekday_2,Weekday_3,Weekday_4,Weekday_5,Weekday_6,Weekday_7
1-Jan-21,487.54,0,1,1,0,0,0,0,0,0,0,0,0,0,0,0,0,0,0,0,1,0
2-Jan-21,254.82,1,0,1,0,0,0,0,0,0,0,0,0,0,0,0,0,0,0,0,0,1
3-Jan-21,637.83,1,0,1,0,0,0,0,0,0,0,0,0,0,0,1,0,0,0,0,0,0
4-Jan-21,111.25,0,0,1,0,0,0,0,0,0,0,0,0,0,0,0,1,0,0,0,0,0
5-Jan-21,137.2,0,0,1,0,0,0,0,0,0,0,0,0,0,0,0,0,1,0,0,0,0
6-Jan-21,536.81,0,0,1,0,0,0,0,0,0,0,0,0,0,0,0,0,0,1,0,0,0
7-Jan-21,388.69,0,0,1,0,0,0,0,0,0,0,0,0,0,0,0,0,0,0,1,0,0
8-Jan-21,462.56,0,0,1,0,0,0,0,0,0,0,0,0,0,0,0,0,0,0,0,1,0
9-Jan-21,284.19,1,0,1,0,0,0,0,0,0,0,0,0,0,0,0,0,0,0,0,0,1
10-Jan-21,121.58,1,0,1,0,0,0,0,0,0,0,0,0,0,0,1,0,0,0,0,0,0
11-Jan-21,360.82,0,0,1,0,0,0,0,0,0,0,0,0,0,0,0,1,0,0,0,0,0
12-Jan-21,294.12,0,0,1,0,0,0,0,0,0,0,0,0,0,0,0,0,1,0,0,0,0
13-Jan-21,598.16,0,0,1,0,0,0,0,0,0,0,0,0,0,0,0,0,0,1,0,0,0
14-Jan-21,169.33,0,0,1,0,0,0,0,0,0,0,0,0,0,0,0,0,0,0,1,0,0
15-Jan-21,595.58,0,0,1,0,0,0,0,0,0,0,0,0,0,0,0,0,0,0,0,1,0
16-Jan-21,180.98,1,0,1,0,0,0,0,0,0,0,0,0,0,0,0,0,0,0,0,0,1
17-Jan-21,763.05,1,0,1,0,0,0,0,0,0,0,0,0,0,0,1,0,0,0,0,0,0
18-Jan-21,332.56,0,0,1,0,0,0,0,0,0,0,0,0,0,0,0,1,0,0,0,0,0
19-Jan-21,306.39,0,0,1,0,0,0,0,0,0,0,0,0,0,0,0,0,1,0,0,0,0
20-Jan-21,589.43,0,0,1,0,0,0,0,0,0,0,0,0,0,0,0,0,0,1,0,0,0
21-Jan-21,866.2,0,0,1,0,0,0,0,0,0,0,0,0,0,0,0,0,0,0,1,0,0
22-Jan-21,329.68,0,0,1,0,0,0,0,0,0,0,0,0,0,0,0,0,0,0,0,1,0
23-Jan-21,143.87,1,0,1,0,0,0,0,0,0,0,0,0,0,0,0,0,0,0,0,0,1
24-Jan-21,280.96,1,0,1,0,0,0,0,0,0,0,0,0,0,0,1,0,0,0,0,0,0
25-Jan-21,498.85,0,0,1,0,0,0,0,0,0,0,0,0,0,0,0,1,0,0,0,0,0
26-Jan-21,196.26,0,0,1,0,0,0,0,0,0,0,0,0,0,0,0,0,1,0,0,0,0
27-Jan-21,269.96,0,0,1,0,0,0,0,0,0,0,0,0,0,0,0,0,0,1,0,0,0
28-Jan-21,190.87,0,0,1,0,0,0,0,0,0,0,0,0,0,0,0,0,0,0,1,0,0
29-Jan-21,353.36,0,0,1,0,0,0,0,0,0,0,0,0,0,0,0,0,0,0,0,1,0
30-Jan-21,25.62,1,0,1,0,0,0,0,0,0,0,0,0,0,0,0,0,0,0,0,0,1
31-Jan-21,434.16,1,0,1,0,0,0,0,0,0,0,0,0,0,0,1,0,0,0,0,0,0
1-Feb-21,1180.68,0,0,0,1,0,0,0,0,0,0,0,0,0,0,0,1,0,0,0,0,0
2-Feb-21,372.61,0,0,0,1,0,0,0,0,0,0,0,0,0,0,0,0,1,0,0,0,0
3-Feb-21,877.95,0,0,0,1,0,0,0,0,0,0,0,0,0,0,0,0,0,1,0,0,0
4-Feb-21,808.87,0,0,0,1,0,0,0,0,0,0,0,0,0,0,0,0,0,0,1,0,0
5-Feb-21,514.91,0,0,0,1,0,0,0,0,0,0,0,0,0,0,0,0,0,0,0,1,0
6-Feb-21,84.79,1,0,0,1,0,0,0,0,0,0,0,0,0,0,0,0,0,0,0,0,1
7-Feb-21,1178.86,1,0,0,1,0,0,0,0,0,0,0,0,0,0,1,0,0,0,0,0,0
8-Feb-21,1105.14,0,0,0,1,0,0,0,0,0,0,0,0,0,0,0,1,0,0,0,0,0
9-Feb-21,964.28,0,0,0,1,0,0,0,0,0,0,0,0,0,0,0,0,1,0,0,0,0
10-Feb-21,254.17,0,0,0,1,0,0,0,0,0,0,0,0,0,0,0,0,0,1,0,0,0
11-Feb-21,490.85,0,0,0,1,0,0,0,0,0,0,0,0,0,0,0,0,0,0,1,0,0
12-Feb-21,1132.83,0,1,0,1,0,0,0,0,0,0,0,0,0,0,0,0,0,0,0,1,0
13-Feb-21,121.34,1,1,0,1,0,0,0,0,0,0,0,0,0,0,0,0,0,0,0,0,1
14-Feb-21,256.56,1,0,0,1,0,0,0,0,0,0,0,0,0,0,1,0,0,0,0,0,0
15-Feb-21,297.75,0,0,0,1,0,0,0,0,0,0,0,0,0,0,0,1,0,0,0,0,0
16-Feb-21,267.29,0,0,0,1,0,0,0,0,0,0,0,0,0,0,0,0,1,0,0,0,0
17-Feb-21,121.25,0,0,0,1,0,0,0,0,0,0,0,0,0,0,0,0,0,1,0,0,0
18-Feb-21,61.45,0,0,0,1,0,0,0,0,0,0,0,0,0,0,0,0,0,0,1,0,0
19-Feb-21,401.71,0,0,0,1,0,0,0,0,0,0,0,0,0,0,0,0,0,0,0,1,0
20-Feb-21,210.52,1,0,0,1,0,0,0,0,0,0,0,0,0,0,0,0,0,0,0,0,1
21-Feb-21,524.91,1,0,0,1,0,0,0,0,0,0,0,0,0,0,1,0,0,0,0,0,0
22-Feb-21,275.25,0,0,0,1,0,0,0,0,0,0,0,0,0,0,0,1,0,0,0,0,0
23-Feb-21,314.59,0,0,0,1,0,0,0,0,0,0,0,0,0,0,0,0,1,0,0,0,0
24-Feb-21,140.87,0,0,0,1,0,0,0,0,0,0,0,0,0,0,0,0,0,1,0,0,0
25-Feb-21,362.01,0,0,0,1,0,0,0,0,0,0,0,0,0,0,0,0,0,0,1,0,0
26-Feb-21,432.64,0,0,0,1,0,0,0,0,0,0,0,0,0,0,0,0,0,0,0,1,0
27-Feb-21,169.19,1,0,0,1,0,0,0,0,0,0,0,0,0,0,0,0,0,0,0,0,1
28-Feb-21,360.29,1,0,0,1,0,0,0,0,0,0,0,0,0,0,1,0,0,0,0,0,0
1-Mar-21,387.6,0,0,0,0,1,0,0,0,0,0,0,0,0,0,0,1,0,0,0,0,0
2-Mar-21,321.61,0,0,0,0,1,0,0,0,0,0,0,0,0,0,0,0,1,0,0,0,0
3-Mar-21,550.07,0,0,0,0,1,0,0,0,0,0,0,0,0,0,0,0,0,1,0,0,0
4-Mar-21,701.69,0,0,0,0,1,0,0,0,0,0,0,0,0,0,0,0,0,0,1,0,0
5-Mar-21,349.86,0,0,0,0,1,0,0,0,0,0,0,0,0,0,0,0,0,0,0,1,0
6-Mar-21,526.39,1,0,0,0,1,0,0,0,0,0,0,0,0,0,0,0,0,0,0,0,1
7-Mar-21,477.29,1,0,0,0,1,0,0,0,0,0,0,0,0,0,1,0,0,0,0,0,0
8-Mar-21,472.06,0,0,0,0,1,0,0,0,0,0,0,0,0,0,0,1,0,0,0,0,0
9-Mar-21,577.81,0,0,0,0,1,0,0,0,0,0,0,0,0,0,0,0,1,0,0,0,0
10-Mar-21,514.54,0,0,0,0,1,0,0,0,0,0,0,0,0,0,0,0,0,1,0,0,0
11-Mar-21,247.4,0,0,0,0,1,0,0,0,0,0,0,0,0,0,0,0,0,0,1,0,0
12-Mar-21,399.19,0,0,0,0,1,0,0,0,0,0,0,0,0,0,0,0,0,0,0,1,0
13-Mar-21,315.78,1,0,0,0,1,0,0,0,0,0,0,0,0,0,0,0,0,0,0,0,1
14-Mar-21,450.55,1,0,0,0,1,0,0,0,0,0,0,0,0,0,1,0,0,0,0,0,0
15-Mar-21,687.85,0,0,0,0,1,0,0,0,0,0,0,0,0,0,0,1,0,0,0,0,0
16-Mar-21,327.3,0,0,0,0,1,0,0,0,0,0,0,0,0,0,0,0,1,0,0,0,0
17-Mar-21,539.48,0,0,0,0,1,0,0,0,0,0,0,0,0,0,0,0,0,1,0,0,0
18-Mar-21,579.65,0,0,0,0,1,0,0,0,0,0,0,0,0,0,0,0,0,0,1,0,0
19-Mar-21,349.67,0,0,0,0,1,0,0,0,0,0,0,0,0,0,0,0,0,0,0,1,0
20-Mar-21,332.8,1,0,0,0,1,0,0,0,0,0,0,0,0,0,0,0,0,0,0,0,1
21-Mar-21,359.73,1,0,0,0,1,0,0,0,0,0,0,0,0,0,1,0,0,0,0,0,0
22-Mar-21,471.39,0,0,0,0,1,0,0,0,0,0,0,0,0,0,0,1,0,0,0,0,0
23-Mar-21,182.81,0,0,0,0,1,0,0,0,0,0,0,0,0,0,0,0,1,0,0,0,0
24-Mar-21,116.78,0,0,0,0,1,0,0,0,0,0,0,0,0,0,0,0,0,1,0,0,0
25-Mar-21,238.8,0,0,0,0,1,0,0,0,0,0,0,0,0,0,0,0,0,0,1,0,0
26-Mar-21,243.03,0,0,0,0,1,0,0,0,0,0,0,0,0,0,0,0,0,0,0,1,0
27-Mar-21,95.7,1,0,0,0,1,0,0,0,0,0,0,0,0,0,0,0,0,0,0,0,1
28-Mar-21,213.15,1,0,0,0,1,0,0,0,0,0,0,0,0,0,1,0,0,0,0,0,0
29-Mar-21,234.2,0,0,0,0,1,0,0,0,0,0,0,0,0,0,0,1,0,0,0,0,0
30-Mar-21,135.65,0,0,0,0,1,0,0,0,0,0,0,0,0,0,0,0,1,0,0,0,0
31-Mar-21,286.63,0,0,0,0,1,0,0,0,0,0,0,0,0,0,0,0,0,1,0,0,0
1-Apr-21,162.81,0,0,0,0,0,1,0,0,0,0,0,0,0,0,0,0,0,0,1,0,0
2-Apr-21,301.63,0,1,0,0,0,1,0,0,0,0,0,0,0,0,0,0,0,0,0,1,0
3-Apr-21,110.71,1,0,0,0,0,1,0,0,0,0,0,0,0,0,0,0,0,0,0,0,1
4-Apr-21,179.28,1,0,0,0,0,1,0,0,0,0,0,0,0,0,1,0,0,0,0,0,0
5-Apr-21,748.85,0,0,0,0,0,1,0,0,0,0,0,0,0,0,0,1,0,0,0,0,0
6-Apr-21,615.2,0,0,0,0,0,1,0,0,0,0,0,0,0,0,0,0,1,0,0,0,0
7-Apr-21,293.04,0,0,0,0,0,1,0,0,0,0,0,0,0,0,0,0,0,1,0,0,0
8-Apr-21,193.23,0,0,0,0,0,1,0,0,0,0,0,0,0,0,0,0,0,0,1,0,0
9-Apr-21,503.16,0,0,0,0,0,1,0,0,0,0,0,0,0,0,0,0,0,0,0,1,0
10-Apr-21,116.36,1,0,0,0,0,1,0,0,0,0,0,0,0,0,0,0,0,0,0,0,1
11-Apr-21,273.57,1,0,0,0,0,1,0,0,0,0,0,0,0,0,1,0,0,0,0,0,0
12-Apr-21,239.98,0,0,0,0,0,1,0,0,0,0,0,0,0,0,0,1,0,0,0,0,0
13-Apr-21,332.09,0,0,0,0,0,1,0,0,0,0,0,0,0,0,0,0,1,0,0,0,0
14-Apr-21,904.76,0,0,0,0,0,1,0,0,0,0,0,0,0,0,0,0,0,1,0,0,0
15-Apr-21,520.41,0,0,0,0,0,1,0,0,0,0,0,0,0,0,0,0,0,0,1,0,0
16-Apr-21,301.31,0,0,0,0,0,1,0,0,0,0,0,0,0,0,0,0,0,0,0,1,0
17-Apr-21,245.91,1,0,0,0,0,1,0,0,0,0,0,0,0,0,0,0,0,0,0,0,1
18-Apr-21,387.18,1,0,0,0,0,1,0,0,0,0,0,0,0,0,1,0,0,0,0,0,0
19-Apr-21,160.29,0,0,0,0,0,1,0,0,0,0,0,0,0,0,0,1,0,0,0,0,0
20-Apr-21,408.15,0,0,0,0,0,1,0,0,0,0,0,0,0,0,0,0,1,0,0,0,0
21-Apr-21,484.26,0,0,0,0,0,1,0,0,0,0,0,0,0,0,0,0,0,1,0,0,0
22-Apr-21,468.72,0,0,0,0,0,1,0,0,0,0,0,0,0,0,0,0,0,0,1,0,0
23-Apr-21,445.17,0,0,0,0,0,1,0,0,0,0,0,0,0,0,0,0,0,0,0,1,0
24-Apr-21,237.98,1,0,0,0,0,1,0,0,0,0,0,0,0,0,0,0,0,0,0,0,1
25-Apr-21,443.66,1,0,0,0,0,1,0,0,0,0,0,0,0,0,1,0,0,0,0,0,0
26-Apr-21,1238.45,0,0,0,0,0,1,0,0,0,0,0,0,0,0,0,1,0,0,0,0,0
27-Apr-21,617.28,0,0,0,0,0,1,0,0,0,0,0,0,0,0,0,0,1,0,0,0,0
28-Apr-21,1123.21,0,0,0,0,0,1,0,0,0,0,0,0,0,0,0,0,0,1,0,0,0
29-Apr-21,1052.89,0,0,0,0,0,1,0,0,0,0,0,0,0,0,0,0,0,0,1,0,0
30-Apr-21,1502.74,0,0,0,0,0,1,0,0,0,0,0,0,0,0,0,0,0,0,0,1,0
1-May-21,524.3,1,1,0,0,0,0,1,0,0,0,0,0,0,0,0,0,0,0,0,0,1
2-May-21,592.76,1,0,0,0,0,0,1,0,0,0,0,0,0,0,1,0,0,0,0,0,0
3-May-21,251.77,0,0,0,0,0,0,1,0,0,0,0,0,0,0,0,1,0,0,0,0,0
4-May-21,600.17,0,0,0,0,0,0,1,0,0,0,0,0,0,0,0,0,1,0,0,0,0
5-May-21,1136.5,0,0,0,0,0,0,1,0,0,0,0,0,0,0,0,0,0,1,0,0,0
6-May-21,308.73,0,0,0,0,0,0,1,0,0,0,0,0,0,0,0,0,0,0,1,0,0
7-May-21,631.93,0,0,0,0,0,0,1,0,0,0,0,0,0,0,0,0,0,0,0,1,0
8-May-21,507.34,1,0,0,0,0,0,1,0,0,0,0,0,0,0,0,0,0,0,0,0,1
9-May-21,220.92,1,0,0,0,0,0,1,0,0,0,0,0,0,0,1,0,0,0,0,0,0
10-May-21,200.53,0,0,0,0,0,0,1,0,0,0,0,0,0,0,0,1,0,0,0,0,0
11-May-21,471.45,0,0,0,0,0,0,1,0,0,0,0,0,0,0,0,0,1,0,0,0,0
12-May-21,192.59,0,0,0,0,0,0,1,0,0,0,0,0,0,0,0,0,0,1,0,0,0
13-May-21,260.62,0,1,0,0,0,0,1,0,0,0,0,0,0,0,0,0,0,0,1,0,0
14-May-21,465.08,0,0,0,0,0,0,1,0,0,0,0,0,0,0,0,0,0,0,0,1,0
15-May-21,240,1,0,0,0,0,0,1,0,0,0,0,0,0,0,0,0,0,0,0,0,1
16-May-21,217.08,1,0,0,0,0,0,1,0,0,0,0,0,0,0,1,0,0,0,0,0,0
17-May-21,422.14,0,0,0,0,0,0,1,0,0,0,0,0,0,0,0,1,0,0,0,0,0
18-May-21,814.91,0,0,0,0,0,0,1,0,0,0,0,0,0,0,0,0,1,0,0,0,0
19-May-21,971.42,0,0,0,0,0,0,1,0,0,0,0,0,0,0,0,0,0,1,0,0,0
20-May-21,1567.99,0,0,0,0,0,0,1,0,0,0,0,0,0,0,0,0,0,0,1,0,0
21-May-21,935.15,0,0,0,0,0,0,1,0,0,0,0,0,0,0,0,0,0,0,0,1,0
22-May-21,1246.99,1,0,0,0,0,0,1,0,0,0,0,0,0,0,0,0,0,0,0,0,1
23-May-21,1285.15,1,0,0,0,0,0,1,0,0,0,0,0,0,0,1,0,0,0,0,0,0
24-May-21,743.69,0,0,0,0,0,0,1,0,0,0,0,0,0,0,0,1,0,0,0,0,0
25-May-21,598.65,0,0,0,0,0,0,1,0,0,0,0,0,0,0,0,0,1,0,0,0,0
26-May-21,488.38,0,1,0,0,0,0,1,0,0,0,0,0,0,0,0,0,0,1,0,0,0
27-May-21,2135.59,0,0,0,0,0,0,1,0,0,0,0,0,0,0,0,0,0,0,1,0,0
28-May-21,1393.79,0,0,0,0,0,0,1,0,0,0,0,0,0,0,0,0,0,0,0,1,0
29-May-21,1083.18,1,0,0,0,0,0,1,0,0,0,0,0,0,0,0,0,0,0,0,0,1
30-May-21,707.52,1,0,0,0,0,0,1,0,0,0,0,0,0,0,1,0,0,0,0,0,0
31-May-21,1080.02,0,0,0,0,0,0,1,0,0,0,0,0,0,0,0,1,0,0,0,0,0
1-Jun-21,1457.67,0,0,0,0,0,0,0,1,0,0,0,0,0,0,0,0,1,0,0,0,0
2-Jun-21,1221.28,0,0,0,0,0,0,0,1,0,0,0,0,0,0,0,0,0,1,0,0,0
3-Jun-21,1472.01,0,0,0,0,0,0,0,1,0,0,0,0,0,0,0,0,0,0,1,0,0
4-Jun-21,797.7,0,0,0,0,0,0,0,1,0,0,0,0,0,0,0,0,0,0,0,1,0
5-Jun-21,1158.83,1,0,0,0,0,0,0,1,0,0,0,0,0,0,0,0,0,0,0,0,1
6-Jun-21,1079.81,1,0,0,0,0,0,0,1,0,0,0,0,0,0,1,0,0,0,0,0,0
7-Jun-21,907.57,0,0,0,0,0,0,0,1,0,0,0,0,0,0,0,1,0,0,0,0,0
8-Jun-21,864.87,0,0,0,0,0,0,0,1,0,0,0,0,0,0,0,0,1,0,0,0,0
9-Jun-21,797.92,0,0,0,0,0,0,0,1,0,0,0,0,0,0,0,0,0,1,0,0,0
10-Jun-21,1114.3,0,0,0,0,0,0,0,1,0,0,0,0,0,0,0,0,0,0,1,0,0
11-Jun-21,1423.41,0,0,0,0,0,0,0,1,0,0,0,0,0,0,0,0,0,0,0,1,0
12-Jun-21,862.62,1,0,0,0,0,0,0,1,0,0,0,0,0,0,0,0,0,0,0,0,1
13-Jun-21,767.37,1,0,0,0,0,0,0,1,0,0,0,0,0,0,1,0,0,0,0,0,0
14-Jun-21,1039.77,0,0,0,0,0,0,0,1,0,0,0,0,0,0,0,1,0,0,0,0,0
15-Jun-21,987.02,0,0,0,0,0,0,0,1,0,0,0,0,0,0,0,0,1,0,0,0,0
16-Jun-21,774.76,0,0,0,0,0,0,0,1,0,0,0,0,0,0,0,0,0,1,0,0,0
17-Jun-21,742.94,0,0,0,0,0,0,0,1,0,0,0,0,0,0,0,0,0,0,1,0,0
18-Jun-21,503.98,0,0,0,0,0,0,0,1,0,0,0,0,0,0,0,0,0,0,0,1,0
19-Jun-21,552.27,1,0,0,0,0,0,0,1,0,0,0,0,0,0,0,0,0,0,0,0,1
20-Jun-21,850.96,1,0,0,0,0,0,0,1,0,0,0,0,0,0,1,0,0,0,0,0,0
21-Jun-21,834.75,0,0,0,0,0,0,0,1,0,0,0,0,0,0,0,1,0,0,0,0,0
22-Jun-21,464.71,0,0,0,0,0,0,0,1,0,0,0,0,0,0,0,0,1,0,0,0,0
23-Jun-21,382.72,0,0,0,0,0,0,0,1,0,0,0,0,0,0,0,0,0,1,0,0,0
24-Jun-21,519.27,0,0,0,0,0,0,0,1,0,0,0,0,0,0,0,0,0,0,1,0,0
25-Jun-21,418.65,0,0,0,0,0,0,0,1,0,0,0,0,0,0,0,0,0,0,0,1,0
26-Jun-21,351.48,1,0,0,0,0,0,0,1,0,0,0,0,0,0,0,0,0,0,0,0,1
27-Jun-21,600.35,1,0,0,0,0,0,0,1,0,0,0,0,0,0,1,0,0,0,0,0,0
28-Jun-21,732.77,0,0,0,0,0,0,0,1,0,0,0,0,0,0,0,1,0,0,0,0,0
29-Jun-21,887.4,0,0,0,0,0,0,0,1,0,0,0,0,0,0,0,0,1,0,0,0,0
30-Jun-21,809.15,0,0,0,0,0,0,0,1,0,0,0,0,0,0,0,0,0,1,0,0,0
1-Jul-21,376.38,0,0,0,0,0,0,0,0,1,0,0,0,0,0,0,0,0,0,1,0,0
2-Jul-21,729.95,0,0,0,0,0,0,0,0,1,0,0,0,0,0,0,0,0,0,0,1,0
3-Jul-21,230.54,1,0,0,0,0,0,0,0,1,0,0,0,0,0,0,0,0,0,0,0,1
4-Jul-21,341.25,1,0,0,0,0,0,0,0,1,0,0,0,0,0,1,0,0,0,0,0,0
5-Jul-21,410.48,0,0,0,0,0,0,0,0,1,0,0,0,0,0,0,1,0,0,0,0,0
6-Jul-21,478.59,0,0,0,0,0,0,0,0,1,0,0,0,0,0,0,0,1,0,0,0,0
7-Jul-21,326.97,0,0,0,0,0,0,0,0,1,0,0,0,0,0,0,0,0,1,0,0,0
8-Jul-21,336.69,0,0,0,0,0,0,0,0,1,0,0,0,0,0,0,0,0,0,1,0,0
9-Jul-21,518.04,0,0,0,0,0,0,0,0,1,0,0,0,0,0,0,0,0,0,0,1,0
10-Jul-21,232.43,1,0,0,0,0,0,0,0,1,0,0,0,0,0,0,0,0,0,0,0,1
11-Jul-21,280.61,1,0,0,0,0,0,0,0,1,0,0,0,0,0,1,0,0,0,0,0,0
12-Jul-21,516.65,0,0,0,0,0,0,0,0,1,0,0,0,0,0,0,1,0,0,0,0,0
13-Jul-21,307.1,0,0,0,0,0,0,0,0,1,0,0,0,0,0,0,0,1,0,0,0,0
14-Jul-21,502.68,0,0,0,0,0,0,0,0,1,0,0,0,0,0,0,0,0,1,0,0,0
15-Jul-21,1021.31,0,0,0,0,0,0,0,0,1,0,0,0,0,0,0,0,0,0,1,0,0
16-Jul-21,981.57,0,0,0,0,0,0,0,0,1,0,0,0,0,0,0,0,0,0,0,1,0
17-Jul-21,438.1,1,0,0,0,0,0,0,0,1,0,0,0,0,0,0,0,0,0,0,0,1
18-Jul-21,535.44,1,0,0,0,0,0,0,0,1,0,0,0,0,0,1,0,0,0,0,0,0
19-Jul-21,506.67,0,0,0,0,0,0,0,0,1,0,0,0,0,0,0,1,0,0,0,0,0
20-Jul-21,486.22,0,1,0,0,0,0,0,0,1,0,0,0,0,0,0,0,1,0,0,0,0
21-Jul-21,4296.57,0,0,0,0,0,0,0,0,1,0,0,0,0,0,0,0,0,1,0,0,0
22-Jul-21,1668.52,0,0,0,0,0,0,0,0,1,0,0,0,0,0,0,0,0,0,1,0,0
23-Jul-21,447.75,0,0,0,0,0,0,0,0,1,0,0,0,0,0,0,0,0,0,0,1,0
24-Jul-21,504.09,1,0,0,0,0,0,0,0,1,0,0,0,0,0,0,0,0,0,0,0,1
25-Jul-21,605.37,1,0,0,0,0,0,0,0,1,0,0,0,0,0,1,0,0,0,0,0,0
26-Jul-21,490.74,0,0,0,0,0,0,0,0,1,0,0,0,0,0,0,1,0,0,0,0,0
27-Jul-21,943.33,0,0,0,0,0,0,0,0,1,0,0,0,0,0,0,0,1,0,0,0,0
28-Jul-21,362.04,0,0,0,0,0,0,0,0,1,0,0,0,0,0,0,0,0,1,0,0,0
29-Jul-21,660.12,0,0,0,0,0,0,0,0,1,0,0,0,0,0,0,0,0,0,1,0,0
30-Jul-21,840.71,0,0,0,0,0,0,0,0,1,0,0,0,0,0,0,0,0,0,0,1,0
31-Jul-21,448.21,1,0,0,0,0,0,0,0,1,0,0,0,0,0,0,0,0,0,0,0,1
1-Aug-21,581.24,1,0,0,0,0,0,0,0,0,1,0,0,0,0,1,0,0,0,0,0,0
2-Aug-21,722.12,0,0,0,0,0,0,0,0,0,1,0,0,0,0,0,1,0,0,0,0,0
3-Aug-21,1189.38,0,0,0,0,0,0,0,0,0,1,0,0,0,0,0,0,1,0,0,0,0
4-Aug-21,898.86,0,0,0,0,0,0,0,0,0,1,0,0,0,0,0,0,0,1,0,0,0
5-Aug-21,598.83,0,0,0,0,0,0,0,0,0,1,0,0,0,0,0,0,0,0,1,0,0
6-Aug-21,709.55,0,0,0,0,0,0,0,0,0,1,0,0,0,0,0,0,0,0,0,1,0
7-Aug-21,423.01,1,0,0,0,0,0,0,0,0,1,0,0,0,0,0,0,0,0,0,0,1
8-Aug-21,398.51,1,0,0,0,0,0,0,0,0,1,0,0,0,0,1,0,0,0,0,0,0
9-Aug-21,855.96,0,1,0,0,0,0,0,0,0,1,0,0,0,0,0,1,0,0,0,0,0
10-Aug-21,479.31,0,0,0,0,0,0,0,0,0,1,0,0,0,0,0,0,1,0,0,0,0
11-Aug-21,864.32,0,0,0,0,0,0,0,0,0,1,0,0,0,0,0,0,0,1,0,0,0
12-Aug-21,779.12,0,0,0,0,0,0,0,0,0,1,0,0,0,0,0,0,0,0,1,0,0
13-Aug-21,293.57,0,0,0,0,0,0,0,0,0,1,0,0,0,0,0,0,0,0,0,1,0
14-Aug-21,373.58,1,0,0,0,0,0,0,0,0,1,0,0,0,0,0,0,0,0,0,0,1
15-Aug-21,297.35,1,0,0,0,0,0,0,0,0,1,0,0,0,0,1,0,0,0,0,0,0
16-Aug-21,751.52,0,0,0,0,0,0,0,0,0,1,0,0,0,0,0,1,0,0,0,0,0
17-Aug-21,265.76,0,0,0,0,0,0,0,0,0,1,0,0,0,0,0,0,1,0,0,0,0
18-Aug-21,570.91,0,0,0,0,0,0,0,0,0,1,0,0,0,0,0,0,0,1,0,0,0
19-Aug-21,489.23,0,0,0,0,0,0,0,0,0,1,0,0,0,0,0,0,0,0,1,0,0
20-Aug-21,433.88,0,0,0,0,0,0,0,0,0,1,0,0,0,0,0,0,0,0,0,1,0
21-Aug-21,216.78,1,0,0,0,0,0,0,0,0,1,0,0,0,0,0,0,0,0,0,0,1
22-Aug-21,530.62,1,0,0,0,0,0,0,0,0,1,0,0,0,0,1,0,0,0,0,0,0
23-Aug-21,70.43,0,0,0,0,0,0,0,0,0,1,0,0,0,0,0,1,0,0,0,0,0
24-Aug-21,346.46,0,0,0,0,0,0,0,0,0,1,0,0,0,0,0,0,1,0,0,0,0
25-Aug-21,685.27,0,0,0,0,0,0,0,0,0,1,0,0,0,0,0,0,0,1,0,0,0
26-Aug-21,681.62,0,0,0,0,0,0,0,0,0,1,0,0,0,0,0,0,0,0,1,0,0
27-Aug-21,401.69,0,0,0,0,0,0,0,0,0,1,0,0,0,0,0,0,0,0,0,1,0
28-Aug-21,290.3,1,0,0,0,0,0,0,0,0,1,0,0,0,0,0,0,0,0,0,0,1
29-Aug-21,886.89,1,0,0,0,0,0,0,0,0,1,0,0,0,0,1,0,0,0,0,0,0
30-Aug-21,433.75,0,0,0,0,0,0,0,0,0,1,0,0,0,0,0,1,0,0,0,0,0
31-Aug-21,291.15,0,0,0,0,0,0,0,0,0,1,0,0,0,0,0,0,1,0,0,0,0
1-Sep-21,392.94,0,0,0,0,0,0,0,0,0,0,1,0,0,0,0,0,0,1,0,0,0
2-Sep-21,200.3,0,0,0,0,0,0,0,0,0,0,1,0,0,0,0,0,0,0,1,0,0
3-Sep-21,391.39,0,0,0,0,0,0,0,0,0,0,1,0,0,0,0,0,0,0,0,1,0
4-Sep-21,373.91,1,0,0,0,0,0,0,0,0,0,1,0,0,0,0,0,0,0,0,0,1
5-Sep-21,287.34,1,0,0,0,0,0,0,0,0,0,1,0,0,0,1,0,0,0,0,0,0
6-Sep-21,4135.41,0,0,0,0,0,0,0,0,0,0,1,0,0,0,0,1,0,0,0,0,0
7-Sep-21,835.01,0,0,0,0,0,0,0,0,0,0,1,0,0,0,0,0,1,0,0,0,0
8-Sep-21,878.97,0,0,0,0,0,0,0,0,0,0,1,0,0,0,0,0,0,1,0,0,0
9-Sep-21,889.04,0,0,0,0,0,0,0,0,0,0,1,0,0,0,0,0,0,0,1,0,0
10-Sep-21,385.65,0,0,0,0,0,0,0,0,0,0,1,0,0,0,0,0,0,0,0,1,0
11-Sep-21,91.69,1,0,0,0,0,0,0,0,0,0,1,0,0,0,0,0,0,0,0,0,1
12-Sep-21,704.73,1,0,0,0,0,0,0,0,0,0,1,0,0,0,1,0,0,0,0,0,0
13-Sep-21,1080.69,0,0,0,0,0,0,0,0,0,0,1,0,0,0,0,1,0,0,0,0,0
14-Sep-21,619.06,0,0,0,0,0,0,0,0,0,0,1,0,0,0,0,0,1,0,0,0,0
15-Sep-21,252.1,0,0,0,0,0,0,0,0,0,0,1,0,0,0,0,0,0,1,0,0,0
16-Sep-21,273.11,0,0,0,0,0,0,0,0,0,0,1,0,0,0,0,0,0,0,1,0,0
17-Sep-21,393.84,0,0,0,0,0,0,0,0,0,0,1,0,0,0,0,0,0,0,0,1,0
18-Sep-21,267.18,1,0,0,0,0,0,0,0,0,0,1,0,0,0,0,0,0,0,0,0,1
19-Sep-21,298.31,1,0,0,0,0,0,0,0,0,0,1,0,0,0,1,0,0,0,0,0,0
20-Sep-21,285,0,0,0,0,0,0,0,0,0,0,1,0,0,0,0,1,0,0,0,0,0
21-Sep-21,316.24,0,0,0,0,0,0,0,0,0,0,1,0,0,0,0,0,1,0,0,0,0
22-Sep-21,376.89,0,0,0,0,0,0,0,0,0,0,1,0,0,0,0,0,0,1,0,0,0
23-Sep-21,498.48,0,0,0,0,0,0,0,0,0,0,1,0,0,0,0,0,0,0,1,0,0
24-Sep-21,427.73,0,0,0,0,0,0,0,0,0,0,1,0,0,0,0,0,0,0,0,1,0
25-Sep-21,349.89,1,0,0,0,0,0,0,0,0,0,1,0,0,0,0,0,0,0,0,0,1
26-Sep-21,458.13,1,0,0,0,0,0,0,0,0,0,1,0,0,0,1,0,0,0,0,0,0
27-Sep-21,347.34,0,0,0,0,0,0,0,0,0,0,1,0,0,0,0,1,0,0,0,0,0
28-Sep-21,484.18,0,0,0,0,0,0,0,0,0,0,1,0,0,0,0,0,1,0,0,0,0
29-Sep-21,1185.38,0,0,0,0,0,0,0,0,0,0,1,0,0,0,0,0,0,1,0,0,0
30-Sep-21,988.41,0,0,0,0,0,0,0,0,0,0,1,0,0,0,0,0,0,0,1,0,0
1-Oct-21,653.58,0,0,0,0,0,0,0,0,0,0,0,1,0,0,0,0,0,0,0,1,0
2-Oct-21,413.2,1,0,0,0,0,0,0,0,0,0,0,1,0,0,0,0,0,0,0,0,1
3-Oct-21,307.16,1,0,0,0,0,0,0,0,0,0,0,1,0,0,1,0,0,0,0,0,0
4-Oct-21,1043.98,0,0,0,0,0,0,0,0,0,0,0,1,0,0,0,1,0,0,0,0,0
5-Oct-21,644.74,0,0,0,0,0,0,0,0,0,0,0,1,0,0,0,0,1,0,0,0,0
6-Oct-21,2282.37,0,0,0,0,0,0,0,0,0,0,0,1,0,0,0,0,0,1,0,0,0
7-Oct-21,1020.84,0,0,0,0,0,0,0,0,0,0,0,1,0,0,0,0,0,0,1,0,0
8-Oct-21,901.67,0,0,0,0,0,0,0,0,0,0,0,1,0,0,0,0,0,0,0,1,0
9-Oct-21,558.4,1,0,0,0,0,0,0,0,0,0,0,1,0,0,0,0,0,0,0,0,1
10-Oct-21,1075.34,1,0,0,0,0,0,0,0,0,0,0,1,0,0,1,0,0,0,0,0,0
11-Oct-21,1162.08,0,0,0,0,0,0,0,0,0,0,0,1,0,0,0,1,0,0,0,0,0
12-Oct-21,981.56,0,0,0,0,0,0,0,0,0,0,0,1,0,0,0,0,1,0,0,0,0
13-Oct-21,588.43,0,0,0,0,0,0,0,0,0,0,0,1,0,0,0,0,0,1,0,0,0
14-Oct-21,394.25,0,0,0,0,0,0,0,0,0,0,0,1,0,0,0,0,0,0,1,0,0
15-Oct-21,493.13,0,0,0,0,0,0,0,0,0,0,0,1,0,0,0,0,0,0,0,1,0
16-Oct-21,630.03,1,0,0,0,0,0,0,0,0,0,0,1,0,0,0,0,0,0,0,0,1
17-Oct-21,565.6,1,0,0,0,0,0,0,0,0,0,0,1,0,0,1,0,0,0,0,0,0
18-Oct-21,351.35,0,0,0,0,0,0,0,0,0,0,0,1,0,0,0,1,0,0,0,0,0
19-Oct-21,160.94,0,0,0,0,0,0,0,0,0,0,0,1,0,0,0,0,1,0,0,0,0
20-Oct-21,631.1,0,0,0,0,0,0,0,0,0,0,0,1,0,0,0,0,0,1,0,0,0
21-Oct-21,435.91,0,0,0,0,0,0,0,0,0,0,0,1,0,0,0,0,0,0,1,0,0
22-Oct-21,464.2,0,0,0,0,0,0,0,0,0,0,0,1,0,0,0,0,0,0,0,1,0
23-Oct-21,259.05,1,0,0,0,0,0,0,0,0,0,0,1,0,0,0,0,0,0,0,0,1
24-Oct-21,611.83,1,0,0,0,0,0,0,0,0,0,0,1,0,0,1,0,0,0,0,0,0
25-Oct-21,680.9,0,0,0,0,0,0,0,0,0,0,0,1,0,0,0,1,0,0,0,0,0
26-Oct-21,444.57,0,0,0,0,0,0,0,0,0,0,0,1,0,0,0,0,1,0,0,0,0
27-Oct-21,555.12,0,0,0,0,0,0,0,0,0,0,0,1,0,0,0,0,0,1,0,0,0
28-Oct-21,716.45,0,0,0,0,0,0,0,0,0,0,0,1,0,0,0,0,0,0,1,0,0
29-Oct-21,613.35,0,0,0,0,0,0,0,0,0,0,0,1,0,0,0,0,0,0,0,1,0
30-Oct-21,558.49,1,0,0,0,0,0,0,0,0,0,0,1,0,0,0,0,0,0,0,0,1
31-Oct-21,205.35,1,0,0,0,0,0,0,0,0,0,0,1,0,0,1,0,0,0,0,0,0
1-Nov-21,821.09,0,0,0,0,0,0,0,0,0,0,0,0,1,0,0,1,0,0,0,0,0
2-Nov-21,1538.3,0,0,0,0,0,0,0,0,0,0,0,0,1,0,0,0,1,0,0,0,0
3-Nov-21,840.56,0,0,0,0,0,0,0,0,0,0,0,0,1,0,0,0,0,1,0,0,0
4-Nov-21,945.46,0,1,0,0,0,0,0,0,0,0,0,0,1,0,0,0,0,0,1,0,0
5-Nov-21,429.18,0,0,0,0,0,0,0,0,0,0,0,0,1,0,0,0,0,0,0,1,0
6-Nov-21,552.69,1,0,0,0,0,0,0,0,0,0,0,0,1,0,0,0,0,0,0,0,1
7-Nov-21,553.88,1,0,0,0,0,0,0,0,0,0,0,0,1,0,1,0,0,0,0,0,0
8-Nov-21,5324.63,0,0,0,0,0,0,0,0,0,0,0,0,1,0,0,1,0,0,0,0,0
9-Nov-21,2298.69,0,0,0,0,0,0,0,0,0,0,0,0,1,0,0,0,1,0,0,0,0
10-Nov-21,1341.06,0,0,0,0,0,0,0,0,0,0,0,0,1,0,0,0,0,1,0,0,0
11-Nov-21,1691.73,0,0,0,0,0,0,0,0,0,0,0,0,1,0,0,0,0,0,1,0,0
12-Nov-21,659.61,0,0,0,0,0,0,0,0,0,0,0,0,1,0,0,0,0,0,0,1,0
13-Nov-21,272.99,1,0,0,0,0,0,0,0,0,0,0,0,1,0,0,0,0,0,0,0,1
14-Nov-21,257.21,1,0,0,0,0,0,0,0,0,0,0,0,1,0,1,0,0,0,0,0,0
15-Nov-21,335.16,0,0,0,0,0,0,0,0,0,0,0,0,1,0,0,1,0,0,0,0,0
16-Nov-21,479.54,0,0,0,0,0,0,0,0,0,0,0,0,1,0,0,0,1,0,0,0,0
17-Nov-21,424.23,0,0,0,0,0,0,0,0,0,0,0,0,1,0,0,0,0,1,0,0,0
18-Nov-21,354.47,0,0,0,0,0,0,0,0,0,0,0,0,1,0,0,0,0,0,1,0,0
19-Nov-21,416.09,0,0,0,0,0,0,0,0,0,0,0,0,1,0,0,0,0,0,0,1,0
20-Nov-21,342.63,1,0,0,0,0,0,0,0,0,0,0,0,1,0,0,0,0,0,0,0,1
21-Nov-21,769.04,1,0,0,0,0,0,0,0,0,0,0,0,1,0,1,0,0,0,0,0,0
22-Nov-21,142.19,0,0,0,0,0,0,0,0,0,0,0,0,1,0,0,1,0,0,0,0,0
23-Nov-21,426.59,0,0,0,0,0,0,0,0,0,0,0,0,1,0,0,0,1,0,0,0,0
24-Nov-21,1159.39,0,0,0,0,0,0,0,0,0,0,0,0,1,0,0,0,0,1,0,0,0
25-Nov-21,1978.44,0,0,0,0,0,0,0,0,0,0,0,0,1,0,0,0,0,0,1,0,0
26-Nov-21,1708.12,0,0,0,0,0,0,0,0,0,0,0,0,1,0,0,0,0,0,0,1,0
27-Nov-21,1193.46,1,0,0,0,0,0,0,0,0,0,0,0,1,0,0,0,0,0,0,0,1
28-Nov-21,1418.34,1,0,0,0,0,0,0,0,0,0,0,0,1,0,1,0,0,0,0,0,0
29-Nov-21,3259.58,0,0,0,0,0,0,0,0,0,0,0,0,1,0,0,1,0,0,0,0,0
30-Nov-21,695.7,0,0,0,0,0,0,0,0,0,0,0,0,1,0,0,0,1,0,0,0,0
1-Dec-21,1221.24,0,0,0,0,0,0,0,0,0,0,0,0,0,1,0,0,0,1,0,0,0
2-Dec-21,1045.25,0,0,0,0,0,0,0,0,0,0,0,0,0,1,0,0,0,0,1,0,0
3-Dec-21,1480.89,0,0,0,0,0,0,0,0,0,0,0,0,0,1,0,0,0,0,0,1,0
4-Dec-21,914.83,1,0,0,0,0,0,0,0,0,0,0,0,0,1,0,0,0,0,0,0,1
5-Dec-21,1597.64,1,0,0,0,0,0,0,0,0,0,0,0,0,1,1,0,0,0,0,0,0
6-Dec-21,1189.35,0,0,0,0,0,0,0,0,0,0,0,0,0,1,0,1,0,0,0,0,0
7-Dec-21,959,0,0,0,0,0,0,0,0,0,0,0,0,0,1,0,0,1,0,0,0,0
8-Dec-21,1973.96,0,0,0,0,0,0,0,0,0,0,0,0,0,1,0,0,0,1,0,0,0
9-Dec-21,1381.61,0,0,0,0,0,0,0,0,0,0,0,0,0,1,0,0,0,0,1,0,0
10-Dec-21,1412.82,0,0,0,0,0,0,0,0,0,0,0,0,0,1,0,0,0,0,0,1,0
11-Dec-21,1420.69,1,0,0,0,0,0,0,0,0,0,0,0,0,1,0,0,0,0,0,0,1
12-Dec-21,2026.58,1,0,0,0,0,0,0,0,0,0,0,0,0,1,1,0,0,0,0,0,0
13-Dec-21,2172.77,0,0,0,0,0,0,0,0,0,0,0,0,0,1,0,1,0,0,0,0,0
14-Dec-21,1707.74,0,0,0,0,0,0,0,0,0,0,0,0,0,1,0,0,1,0,0,0,0
15-Dec-21,1762.14,0,0,0,0,0,0,0,0,0,0,0,0,0,1,0,0,0,1,0,0,0
16-Dec-21,2688.06,0,0,0,0,0,0,0,0,0,0,0,0,0,1,0,0,0,0,1,0,0
17-Dec-21,2709.88,0,0,0,0,0,0,0,0,0,0,0,0,0,1,0,0,0,0,0,1,0
18-Dec-21,2012.37,1,0,0,0,0,0,0,0,0,0,0,0,0,1,0,0,0,0,0,0,1
19-Dec-21,3298.12,1,0,0,0,0,0,0,0,0,0,0,0,0,1,1,0,0,0,0,0,0
20-Dec-21,2937.38,0,0,0,0,0,0,0,0,0,0,0,0,0,1,0,1,0,0,0,0,0
21-Dec-21,3315.53,0,0,0,0,0,0,0,0,0,0,0,0,0,1,0,0,1,0,0,0,0
22-Dec-21,2396.28,0,0,0,0,0,0,0,0,0,0,0,0,0,1,0,0,0,1,0,0,0
23-Dec-21,1359.47,0,0,0,0,0,0,0,0,0,0,0,0,0,1,0,0,0,0,1,0,0
24-Dec-21,1110.45,0,0,0,0,0,0,0,0,0,0,0,0,0,1,0,0,0,0,0,1,0
25-Dec-21,842.54,1,1,0,0,0,0,0,0,0,0,0,0,0,1,0,0,0,0,0,0,1
26-Dec-21,674.73,1,0,0,0,0,0,0,0,0,0,0,0,0,1,1,0,0,0,0,0,0
27-Dec-21,405.79,0,0,0,0,0,0,0,0,0,0,0,0,0,1,0,1,0,0,0,0,0
28-Dec-21,427.23,0,0,0,0,0,0,0,0,0,0,0,0,0,1,0,0,1,0,0,0,0
29-Dec-21,472.86,0,0,0,0,0,0,0,0,0,0,0,0,0,1,0,0,0,1,0,0,0
30-Dec-21,314.52,0,0,0,0,0,0,0,0,0,0,0,0,0,1,0,0,0,0,1,0,0
31-Dec-21,613.54,0,0,0,0,0,0,0,0,0,0,0,0,0,1,0,0,0,0,0,1,0
1-Jan-22,469.81,1,1,1,0,0,0,0,0,0,0,0,0,0,0,0,0,0,0,0,0,1
2-Jan-22,664.09,1,0,1,0,0,0,0,0,0,0,0,0,0,0,1,0,0,0,0,0,0
3-Jan-22,709.6,0,0,1,0,0,0,0,0,0,0,0,0,0,0,0,1,0,0,0,0,0
4-Jan-22,419.59,0,0,1,0,0,0,0,0,0,0,0,0,0,0,0,0,1,0,0,0,0
5-Jan-22,481.77,0,0,1,0,0,0,0,0,0,0,0,0,0,0,0,0,0,1,0,0,0
6-Jan-22,505,0,0,1,0,0,0,0,0,0,0,0,0,0,0,0,0,0,0,1,0,0
7-Jan-22,120.67,0,0,1,0,0,0,0,0,0,0,0,0,0,0,0,0,0,0,0,1,0
8-Jan-22,379.32,1,0,1,0,0,0,0,0,0,0,0,0,0,0,0,0,0,0,0,0,1
9-Jan-22,256.91,1,0,1,0,0,0,0,0,0,0,0,0,0,0,1,0,0,0,0,0,0
10-Jan-22,378.24,0,0,1,0,0,0,0,0,0,0,0,0,0,0,0,1,0,0,0,0,0
11-Jan-22,554.13,0,0,1,0,0,0,0,0,0,0,0,0,0,0,0,0,1,0,0,0,0
12-Jan-22,235.42,0,0,1,0,0,0,0,0,0,0,0,0,0,0,0,0,0,1,0,0,0
13-Jan-22,350.81,0,0,1,0,0,0,0,0,0,0,0,0,0,0,0,0,0,0,1,0,0
14-Jan-22,525.36,0,0,1,0,0,0,0,0,0,0,0,0,0,0,0,0,0,0,0,1,0
15-Jan-22,406.76,1,0,1,0,0,0,0,0,0,0,0,0,0,0,0,0,0,0,0,0,1
16-Jan-22,468.55,1,0,1,0,0,0,0,0,0,0,0,0,0,0,1,0,0,0,0,0,0
17-Jan-22,193.21,0,0,1,0,0,0,0,0,0,0,0,0,0,0,0,1,0,0,0,0,0
18-Jan-22,123.5,0,0,1,0,0,0,0,0,0,0,0,0,0,0,0,0,1,0,0,0,0
19-Jan-22,565.68,0,0,1,0,0,0,0,0,0,0,0,0,0,0,0,0,0,1,0,0,0
20-Jan-22,484.76,0,0,1,0,0,0,0,0,0,0,0,0,0,0,0,0,0,0,1,0,0
21-Jan-22,542.72,0,0,1,0,0,0,0,0,0,0,0,0,0,0,0,0,0,0,0,1,0
22-Jan-22,285.84,1,0,1,0,0,0,0,0,0,0,0,0,0,0,0,0,0,0,0,0,1
23-Jan-22,499.51,1,0,1,0,0,0,0,0,0,0,0,0,0,0,1,0,0,0,0,0,0
24-Jan-22,891.62,0,0,1,0,0,0,0,0,0,0,0,0,0,0,0,1,0,0,0,0,0
25-Jan-22,645.01,0,0,1,0,0,0,0,0,0,0,0,0,0,0,0,0,1,0,0,0,0
26-Jan-22,1531.52,0,0,1,0,0,0,0,0,0,0,0,0,0,0,0,0,0,1,0,0,0
27-Jan-22,613.79,0,0,1,0,0,0,0,0,0,0,0,0,0,0,0,0,0,0,1,0,0
28-Jan-22,882.85,0,0,1,0,0,0,0,0,0,0,0,0,0,0,0,0,0,0,0,1,0
29-Jan-22,461.05,1,0,1,0,0,0,0,0,0,0,0,0,0,0,0,0,0,0,0,0,1
30-Jan-22,581.76,1,0,1,0,0,0,0,0,0,0,0,0,0,0,1,0,0,0,0,0,0
31-Jan-22,514.23,0,0,1,0,0,0,0,0,0,0,0,0,0,0,0,1,0,0,0,0,0
1-Feb-22,535.91,0,1,0,1,0,0,0,0,0,0,0,0,0,0,0,0,1,0,0,0,0
2-Feb-22,794.15,0,1,0,1,0,0,0,0,0,0,0,0,0,0,0,0,0,1,0,0,0
3-Feb-22,520.17,0,0,0,1,0,0,0,0,0,0,0,0,0,0,0,0,0,0,1,0,0
4-Feb-22,439.61,0,0,0,1,0,0,0,0,0,0,0,0,0,0,0,0,0,0,0,1,0
5-Feb-22,404.73,1,0,0,1,0,0,0,0,0,0,0,0,0,0,0,0,0,0,0,0,1
6-Feb-22,412.63,1,0,0,1,0,0,0,0,0,0,0,0,0,0,1,0,0,0,0,0,0
7-Feb-22,545.52,0,0,0,1,0,0,0,0,0,0,0,0,0,0,0,1,0,0,0,0,0
8-Feb-22,1124.23,0,0,0,1,0,0,0,0,0,0,0,0,0,0,0,0,1,0,0,0,0
9-Feb-22,952.43,0,0,0,1,0,0,0,0,0,0,0,0,0,0,0,0,0,1,0,0,0
10-Feb-22,652.7,0,0,0,1,0,0,0,0,0,0,0,0,0,0,0,0,0,0,1,0,0
11-Feb-22,547.59,0,0,0,1,0,0,0,0,0,0,0,0,0,0,0,0,0,0,0,1,0
12-Feb-22,334.47,1,0,0,1,0,0,0,0,0,0,0,0,0,0,0,0,0,0,0,0,1
13-Feb-22,467.9,1,0,0,1,0,0,0,0,0,0,0,0,0,0,1,0,0,0,0,0,0
14-Feb-22,441.97,0,0,0,1,0,0,0,0,0,0,0,0,0,0,0,1,0,0,0,0,0
15-Feb-22,201.06,0,0,0,1,0,0,0,0,0,0,0,0,0,0,0,0,1,0,0,0,0
16-Feb-22,263.91,0,0,0,1,0,0,0,0,0,0,0,0,0,0,0,0,0,1,0,0,0
17-Feb-22,489.95,0,0,0,1,0,0,0,0,0,0,0,0,0,0,0,0,0,0,1,0,0
18-Feb-22,292.84,0,0,0,1,0,0,0,0,0,0,0,0,0,0,0,0,0,0,0,1,0
19-Feb-22,229.95,1,0,0,1,0,0,0,0,0,0,0,0,0,0,0,0,0,0,0,0,1
20-Feb-22,393.91,1,0,0,1,0,0,0,0,0,0,0,0,0,0,1,0,0,0,0,0,0
21-Feb-22,268.83,0,0,0,1,0,0,0,0,0,0,0,0,0,0,0,1,0,0,0,0,0
22-Feb-22,800.48,0,0,0,1,0,0,0,0,0,0,0,0,0,0,0,0,1,0,0,0,0
23-Feb-22,449.3,0,0,0,1,0,0,0,0,0,0,0,0,0,0,0,0,0,1,0,0,0
24-Feb-22,609.13,0,0,0,1,0,0,0,0,0,0,0,0,0,0,0,0,0,0,1,0,0
25-Feb-22,585.12,0,0,0,1,0,0,0,0,0,0,0,0,0,0,0,0,0,0,0,1,0
26-Feb-22,324,1,0,0,1,0,0,0,0,0,0,0,0,0,0,0,0,0,0,0,0,1
27-Feb-22,458.52,1,0,0,1,0,0,0,0,0,0,0,0,0,0,1,0,0,0,0,0,0
28-Feb-22,621.65,0,0,0,1,0,0,0,0,0,0,0,0,0,0,0,1,0,0,0,0,0
1-Mar-22,426.46,0,0,0,0,1,0,0,0,0,0,0,0,0,0,0,0,1,0,0,0,0
2-Mar-22,487.03,0,0,0,0,1,0,0,0,0,0,0,0,0,0,0,0,0,1,0,0,0
3-Mar-22,249.03,0,0,0,0,1,0,0,0,0,0,0,0,0,0,0,0,0,0,1,0,0
4-Mar-22,546.41,0,0,0,0,1,0,0,0,0,0,0,0,0,0,0,0,0,0,0,1,0
5-Mar-22,628.83,1,0,0,0,1,0,0,0,0,0,0,0,0,0,0,0,0,0,0,0,1
6-Mar-22,485.67,1,0,0,0,1,0,0,0,0,0,0,0,0,0,1,0,0,0,0,0,0
7-Mar-22,639.85,0,0,0,0,1,0,0,0,0,0,0,0,0,0,0,1,0,0,0,0,0
8-Mar-22,517.12,0,0,0,0,1,0,0,0,0,0,0,0,0,0,0,0,1,0,0,0,0
9-Mar-22,291.03,0,0,0,0,1,0,0,0,0,0,0,0,0,0,0,0,0,1,0,0,0
10-Mar-22,496.46,0,0,0,0,1,0,0,0,0,0,0,0,0,0,0,0,0,0,1,0,0
11-Mar-22,595.47,0,0,0,0,1,0,0,0,0,0,0,0,0,0,0,0,0,0,0,1,0
12-Mar-22,605.93,1,0,0,0,1,0,0,0,0,0,0,0,0,0,0,0,0,0,0,0,1
13-Mar-22,363.93,1,0,0,0,1,0,0,0,0,0,0,0,0,0,1,0,0,0,0,0,0
14-Mar-22,510.95,0,0,0,0,1,0,0,0,0,0,0,0,0,0,0,1,0,0,0,0,0
15-Mar-22,1749.31,0,0,0,0,1,0,0,0,0,0,0,0,0,0,0,0,1,0,0,0,0
16-Mar-22,444.18,0,0,0,0,1,0,0,0,0,0,0,0,0,0,0,0,0,1,0,0,0
17-Mar-22,627.81,0,0,0,0,1,0,0,0,0,0,0,0,0,0,0,0,0,0,1,0,0
18-Mar-22,544.77,0,0,0,0,1,0,0,0,0,0,0,0,0,0,0,0,0,0,0,1,0
19-Mar-22,622.48,1,0,0,0,1,0,0,0,0,0,0,0,0,0,0,0,0,0,0,0,1
20-Mar-22,576.05,1,0,0,0,1,0,0,0,0,0,0,0,0,0,1,0,0,0,0,0,0
21-Mar-22,301.82,0,0,0,0,1,0,0,0,0,0,0,0,0,0,0,1,0,0,0,0,0
22-Mar-22,505.84,0,0,0,0,1,0,0,0,0,0,0,0,0,0,0,0,1,0,0,0,0
23-Mar-22,688.57,0,0,0,0,1,0,0,0,0,0,0,0,0,0,0,0,0,1,0,0,0
24-Mar-22,444.77,0,0,0,0,1,0,0,0,0,0,0,0,0,0,0,0,0,0,1,0,0
25-Mar-22,742.34,0,0,0,0,1,0,0,0,0,0,0,0,0,0,0,0,0,0,0,1,0
26-Mar-22,319.61,1,0,0,0,1,0,0,0,0,0,0,0,0,0,0,0,0,0,0,0,1
27-Mar-22,563.38,1,0,0,0,1,0,0,0,0,0,0,0,0,0,1,0,0,0,0,0,0
28-Mar-22,628.96,0,0,0,0,1,0,0,0,0,0,0,0,0,0,0,1,0,0,0,0,0
29-Mar-22,437.96,0,0,0,0,1,0,0,0,0,0,0,0,0,0,0,0,1,0,0,0,0
30-Mar-22,370.52,0,0,0,0,1,0,0,0,0,0,0,0,0,0,0,0,0,1,0,0,0
31-Mar-22,460.55,0,0,0,0,1,0,0,0,0,0,0,0,0,0,0,0,0,0,1,0,0
1-Apr-22,464.13,0,0,0,0,0,1,0,0,0,0,0,0,0,0,0,0,0,0,0,1,0
2-Apr-22,426.83,1,0,0,0,0,1,0,0,0,0,0,0,0,0,0,0,0,0,0,0,1
3-Apr-22,557.58,1,0,0,0,0,1,0,0,0,0,0,0,0,0,1,0,0,0,0,0,0
4-Apr-22,658.76,0,0,0,0,0,1,0,0,0,0,0,0,0,0,0,1,0,0,0,0,0
5-Apr-22,623.72,0,0,0,0,0,1,0,0,0,0,0,0,0,0,0,0,1,0,0,0,0
6-Apr-22,160.68,0,0,0,0,0,1,0,0,0,0,0,0,0,0,0,0,0,1,0,0,0
7-Apr-22,636.52,0,0,0,0,0,1,0,0,0,0,0,0,0,0,0,0,0,0,1,0,0
8-Apr-22,468.12,0,0,0,0,0,1,0,0,0,0,0,0,0,0,0,0,0,0,0,1,0
9-Apr-22,496.66,1,0,0,0,0,1,0,0,0,0,0,0,0,0,0,0,0,0,0,0,1
10-Apr-22,382.35,1,0,0,0,0,1,0,0,0,0,0,0,0,0,1,0,0,0,0,0,0
11-Apr-22,943.69,0,0,0,0,0,1,0,0,0,0,0,0,0,0,0,1,0,0,0,0,0
12-Apr-22,883.99,0,0,0,0,0,1,0,0,0,0,0,0,0,0,0,0,1,0,0,0,0
13-Apr-22,623.16,0,0,0,0,0,1,0,0,0,0,0,0,0,0,0,0,0,1,0,0,0
14-Apr-22,394.78,0,0,0,0,0,1,0,0,0,0,0,0,0,0,0,0,0,0,1,0,0
15-Apr-22,659.36,0,1,0,0,0,1,0,0,0,0,0,0,0,0,0,0,0,0,0,1,0
16-Apr-22,302.52,1,0,0,0,0,1,0,0,0,0,0,0,0,0,0,0,0,0,0,0,1
17-Apr-22,350.93,1,0,0,0,0,1,0,0,0,0,0,0,0,0,1,0,0,0,0,0,0
18-Apr-22,271.2,0,0,0,0,0,1,0,0,0,0,0,0,0,0,0,1,0,0,0,0,0
19-Apr-22,373.68,0,0,0,0,0,1,0,0,0,0,0,0,0,0,0,0,1,0,0,0,0
20-Apr-22,284.03,0,0,0,0,0,1,0,0,0,0,0,0,0,0,0,0,0,1,0,0,0
21-Apr-22,253.08,0,0,0,0,0,1,0,0,0,0,0,0,0,0,0,0,0,0,1,0,0
22-Apr-22,523.07,0,0,0,0,0,1,0,0,0,0,0,0,0,0,0,0,0,0,0,1,0
23-Apr-22,293.58,1,0,0,0,0,1,0,0,0,0,0,0,0,0,0,0,0,0,0,0,1
24-Apr-22,503.02,1,0,0,0,0,1,0,0,0,0,0,0,0,0,1,0,0,0,0,0,0
25-Apr-22,315.49,0,0,0,0,0,1,0,0,0,0,0,0,0,0,0,1,0,0,0,0,0
26-Apr-22,266.67,0,0,0,0,0,1,0,0,0,0,0,0,0,0,0,0,1,0,0,0,0
27-Apr-22,345.49,0,0,0,0,0,1,0,0,0,0,0,0,0,0,0,0,0,1,0,0,0
28-Apr-22,304.7,0,0,0,0,0,1,0,0,0,0,0,0,0,0,0,0,0,0,1,0,0
29-Apr-22,231.02,0,0,0,0,0,1,0,0,0,0,0,0,0,0,0,0,0,0,0,1,0
30-Apr-22,235.86,1,0,0,0,0,1,0,0,0,0,0,0,0,0,0,0,0,0,0,0,1
1-May-22,502.9,1,1,0,0,0,0,1,0,0,0,0,0,0,0,1,0,0,0,0,0,0
2-May-22,483.23,0,0,0,0,0,0,1,0,0,0,0,0,0,0,0,1,0,0,0,0,0
3-May-22,394.06,0,1,0,0,0,0,1,0,0,0,0,0,0,0,0,0,1,0,0,0,0
4-May-22,402.2,0,0,0,0,0,0,1,0,0,0,0,0,0,0,0,0,0,1,0,0,0
5-May-22,306.57,0,0,0,0,0,0,1,0,0,0,0,0,0,0,0,0,0,0,1,0,0
6-May-22,484.47,0,0,0,0,0,0,1,0,0,0,0,0,0,0,0,0,0,0,0,1,0
7-May-22,247.99,1,0,0,0,0,0,1,0,0,0,0,0,0,0,0,0,0,0,0,0,1
8-May-22,384.35,1,0,0,0,0,0,1,0,0,0,0,0,0,0,1,0,0,0,0,0,0
9-May-22,343.22,0,0,0,0,0,0,1,0,0,0,0,0,0,0,0,1,0,0,0,0,0
10-May-22,377,0,0,0,0,0,0,1,0,0,0,0,0,0,0,0,0,1,0,0,0,0
11-May-22,822.41,0,0,0,0,0,0,1,0,0,0,0,0,0,0,0,0,0,1,0,0,0
12-May-22,576.42,0,0,0,0,0,0,1,0,0,0,0,0,0,0,0,0,0,0,1,0,0
13-May-22,545.85,0,0,0,0,0,0,1,0,0,0,0,0,0,0,0,0,0,0,0,1,0
14-May-22,106.53,1,0,0,0,0,0,1,0,0,0,0,0,0,0,0,0,0,0,0,0,1
15-May-22,755.16,1,1,0,0,0,0,1,0,0,0,0,0,0,0,1,0,0,0,0,0,0
16-May-22,659.49,0,0,0,0,0,0,1,0,0,0,0,0,0,0,0,1,0,0,0,0,0
17-May-22,680.74,0,0,0,0,0,0,1,0,0,0,0,0,0,0,0,0,1,0,0,0,0
18-May-22,626.77,0,0,0,0,0,0,1,0,0,0,0,0,0,0,0,0,0,1,0,0,0
19-May-22,874.04,0,0,0,0,0,0,1,0,0,0,0,0,0,0,0,0,0,0,1,0,0
20-May-22,1020.82,0,0,0,0,0,0,1,0,0,0,0,0,0,0,0,0,0,0,0,1,0
21-May-22,416.67,1,0,0,0,0,0,1,0,0,0,0,0,0,0,0,0,0,0,0,0,1
22-May-22,588.42,1,0,0,0,0,0,1,0,0,0,0,0,0,0,1,0,0,0,0,0,0
23-May-22,876.55,0,0,0,0,0,0,1,0,0,0,0,0,0,0,0,1,0,0,0,0,0
24-May-22,764.9,0,0,0,0,0,0,1,0,0,0,0,0,0,0,0,0,1,0,0,0,0
25-May-22,684.5,0,0,0,0,0,0,1,0,0,0,0,0,0,0,0,0,0,1,0,0,0
26-May-22,625.25,0,0,0,0,0,0,1,0,0,0,0,0,0,0,0,0,0,0,1,0,0
27-May-22,271.17,0,0,0,0,0,0,1,0,0,0,0,0,0,0,0,0,0,0,0,1,0
28-May-22,328.74,1,0,0,0,0,0,1,0,0,0,0,0,0,0,0,0,0,0,0,0,1
29-May-22,323.93,1,0,0,0,0,0,1,0,0,0,0,0,0,0,1,0,0,0,0,0,0
30-May-22,386.72,0,0,0,0,0,0,1,0,0,0,0,0,0,0,0,1,0,0,0,0,0
31-May-22,608.42,0,0,0,0,0,0,1,0,0,0,0,0,0,0,0,0,1,0,0,0,0
1-Jun-22,1065.86,0,0,0,0,0,0,0,1,0,0,0,0,0,0,0,0,0,1,0,0,0
2-Jun-22,435.1,0,0,0,0,0,0,0,1,0,0,0,0,0,0,0,0,0,0,1,0,0
3-Jun-22,684.68,0,0,0,0,0,0,0,1,0,0,0,0,0,0,0,0,0,0,0,1,0
4-Jun-22,621.88,1,0,0,0,0,0,0,1,0,0,0,0,0,0,0,0,0,0,0,0,1
5-Jun-22,1084.45,1,0,0,0,0,0,0,1,0,0,0,0,0,0,1,0,0,0,0,0,0
6-Jun-22,954.55,0,0,0,0,0,0,0,1,0,0,0,0,0,0,0,1,0,0,0,0,0
7-Jun-22,894.11,0,0,0,0,0,0,0,1,0,0,0,0,0,0,0,0,1,0,0,0,0
8-Jun-22,897.32,0,0,0,0,0,0,0,1,0,0,0,0,0,0,0,0,0,1,0,0,0
9-Jun-22,521.75,0,0,0,0,0,0,0,1,0,0,0,0,0,0,0,0,0,0,1,0,0
10-Jun-22,713.74,0,0,0,0,0,0,0,1,0,0,0,0,0,0,0,0,0,0,0,1,0
11-Jun-22,648.36,1,0,0,0,0,0,0,1,0,0,0,0,0,0,0,0,0,0,0,0,1
12-Jun-22,546.92,1,0,0,0,0,0,0,1,0,0,0,0,0,0,1,0,0,0,0,0,0
13-Jun-22,474.57,0,0,0,0,0,0,0,1,0,0,0,0,0,0,0,1,0,0,0,0,0
14-Jun-22,540.77,0,0,0,0,0,0,0,1,0,0,0,0,0,0,0,0,1,0,0,0,0
15-Jun-22,855.02,0,0,0,0,0,0,0,1,0,0,0,0,0,0,0,0,0,1,0,0,0
16-Jun-22,260.71,0,0,0,0,0,0,0,1,0,0,0,0,0,0,0,0,0,0,1,0,0
17-Jun-22,928.51,0,0,0,0,0,0,0,1,0,0,0,0,0,0,0,0,0,0,0,1,0
18-Jun-22,611.75,1,0,0,0,0,0,0,1,0,0,0,0,0,0,0,0,0,0,0,0,1
19-Jun-22,779,1,0,0,0,0,0,0,1,0,0,0,0,0,0,1,0,0,0,0,0,0
20-Jun-22,1020,0,0,0,0,0,0,0,1,0,0,0,0,0,0,0,1,0,0,0,0,0
21-Jun-22,941.02,0,0,0,0,0,0,0,1,0,0,0,0,0,0,0,0,1,0,0,0,0
22-Jun-22,1021.08,0,0,0,0,0,0,0,1,0,0,0,0,0,0,0,0,0,1,0,0,0
23-Jun-22,867.46,0,0,0,0,0,0,0,1,0,0,0,0,0,0,0,0,0,0,1,0,0
24-Jun-22,1015.19,0,0,0,0,0,0,0,1,0,0,0,0,0,0,0,0,0,0,0,1,0
25-Jun-22,500.63,1,0,0,0,0,0,0,1,0,0,0,0,0,0,0,0,0,0,0,0,1
26-Jun-22,1020.87,1,0,0,0,0,0,0,1,0,0,0,0,0,0,1,0,0,0,0,0,0
27-Jun-22,423.5,0,0,0,0,0,0,0,1,0,0,0,0,0,0,0,1,0,0,0,0,0
28-Jun-22,658.41,0,0,0,0,0,0,0,1,0,0,0,0,0,0,0,0,1,0,0,0,0
29-Jun-22,1825.35,0,0,0,0,0,0,0,1,0,0,0,0,0,0,0,0,0,1,0,0,0
30-Jun-22,873.2,0,0,0,0,0,0,0,1,0,0,0,0,0,0,0,0,0,0,1,0,0
1-Jul-22,707.65,0,0,0,0,0,0,0,0,1,0,0,0,0,0,0,0,0,0,0,1,0
2-Jul-22,967.65,1,0,0,0,0,0,0,0,1,0,0,0,0,0,0,0,0,0,0,0,1
3-Jul-22,627.1,1,0,0,0,0,0,0,0,1,0,0,0,0,0,1,0,0,0,0,0,0
4-Jul-22,1993.88,0,0,0,0,0,0,0,0,1,0,0,0,0,0,0,1,0,0,0,0,0
5-Jul-22,1021.75,0,0,0,0,0,0,0,0,1,0,0,0,0,0,0,0,1,0,0,0,0
6-Jul-22,777.32,0,0,0,0,0,0,0,0,1,0,0,0,0,0,0,0,0,1,0,0,0
7-Jul-22,1534.29,0,0,0,0,0,0,0,0,1,0,0,0,0,0,0,0,0,0,1,0,0
8-Jul-22,882.16,0,0,0,0,0,0,0,0,1,0,0,0,0,0,0,0,0,0,0,1,0
9-Jul-22,698.65,1,0,0,0,0,0,0,0,1,0,0,0,0,0,0,0,0,0,0,0,1
10-Jul-22,1023.7,1,1,0,0,0,0,0,0,1,0,0,0,0,0,1,0,0,0,0,0,0
11-Jul-22,1627.44,0,0,0,0,0,0,0,0,1,0,0,0,0,0,0,1,0,0,0,0,0
12-Jul-22,876.45,0,0,0,0,0,0,0,0,1,0,0,0,0,0,0,0,1,0,0,0,0
13-Jul-22,1342.57,0,0,0,0,0,0,0,0,1,0,0,0,0,0,0,0,0,1,0,0,0
14-Jul-22,1002.4,0,0,0,0,0,0,0,0,1,0,0,0,0,0,0,0,0,0,1,0,0
15-Jul-22,776.34,0,0,0,0,0,0,0,0,1,0,0,0,0,0,0,0,0,0,0,1,0
16-Jul-22,1469.07,1,0,0,0,0,0,0,0,1,0,0,0,0,0,0,0,0,0,0,0,1
17-Jul-22,1739.94,1,0,0,0,0,0,0,0,1,0,0,0,0,0,1,0,0,0,0,0,0
18-Jul-22,1479.2,0,0,0,0,0,0,0,0,1,0,0,0,0,0,0,1,0,0,0,0,0
19-Jul-22,1050.49,0,0,0,0,0,0,0,0,1,0,0,0,0,0,0,0,1,0,0,0,0
20-Jul-22,1435.65,0,0,0,0,0,0,0,0,1,0,0,0,0,0,0,0,0,1,0,0,0
21-Jul-22,1307.27,0,0,0,0,0,0,0,0,1,0,0,0,0,0,0,0,0,0,1,0,0
22-Jul-22,1760.85,0,0,0,0,0,0,0,0,1,0,0,0,0,0,0,0,0,0,0,1,0
23-Jul-22,1196.03,1,0,0,0,0,0,0,0,1,0,0,0,0,0,0,0,0,0,0,0,1
24-Jul-22,1397.88,1,0,0,0,0,0,0,0,1,0,0,0,0,0,1,0,0,0,0,0,0
25-Jul-22,1308.83,0,0,0,0,0,0,0,0,1,0,0,0,0,0,0,1,0,0,0,0,0
26-Jul-22,1172.44,0,0,0,0,0,0,0,0,1,0,0,0,0,0,0,0,1,0,0,0,0
27-Jul-22,989.11,0,0,0,0,0,0,0,0,1,0,0,0,0,0,0,0,0,1,0,0,0
28-Jul-22,1389.86,0,0,0,0,0,0,0,0,1,0,0,0,0,0,0,0,0,0,1,0,0
29-Jul-22,832.98,0,0,0,0,0,0,0,0,1,0,0,0,0,0,0,0,0,0,0,1,0
30-Jul-22,1329.19,1,0,0,0,0,0,0,0,1,0,0,0,0,0,0,0,0,0,0,0,1
31-Jul-22,1946.31,1,0,0,0,0,0,0,0,1,0,0,0,0,0,1,0,0,0,0,0,0
1-Aug-22,1226.65,0,0,0,0,0,0,0,0,0,1,0,0,0,0,0,1,0,0,0,0,0
2-Aug-22,1045.49,0,0,0,0,0,0,0,0,0,1,0,0,0,0,0,0,1,0,0,0,0
3-Aug-22,917.98,0,0,0,0,0,0,0,0,0,1,0,0,0,0,0,0,0,1,0,0,0
4-Aug-22,940.49,0,0,0,0,0,0,0,0,0,1,0,0,0,0,0,0,0,0,1,0,0
5-Aug-22,1182.37,0,0,0,0,0,0,0,0,0,1,0,0,0,0,0,0,0,0,0,1,0
6-Aug-22,1714.23,1,0,0,0,0,0,0,0,0,1,0,0,0,0,0,0,0,0,0,0,1
7-Aug-22,1378.63,1,0,0,0,0,0,0,0,0,1,0,0,0,0,1,0,0,0,0,0,0
8-Aug-22,750.76,0,0,0,0,0,0,0,0,0,1,0,0,0,0,0,1,0,0,0,0,0
9-Aug-22,1247.34,0,1,0,0,0,0,0,0,0,1,0,0,0,0,0,0,1,0,0,0,0
10-Aug-22,922.58,0,0,0,0,0,0,0,0,0,1,0,0,0,0,0,0,0,1,0,0,0
11-Aug-22,1101.12,0,0,0,0,0,0,0,0,0,1,0,0,0,0,0,0,0,0,1,0,0
12-Aug-22,1353,0,0,0,0,0,0,0,0,0,1,0,0,0,0,0,0,0,0,0,1,0
13-Aug-22,1000.91,1,0,0,0,0,0,0,0,0,1,0,0,0,0,0,0,0,0,0,0,1
14-Aug-22,1216.35,1,0,0,0,0,0,0,0,0,1,0,0,0,0,1,0,0,0,0,0,0
15-Aug-22,1102.53,0,0,0,0,0,0,0,0,0,1,0,0,0,0,0,1,0,0,0,0,0
16-Aug-22,793.6,0,0,0,0,0,0,0,0,0,1,0,0,0,0,0,0,1,0,0,0,0
17-Aug-22,980.34,0,0,0,0,0,0,0,0,0,1,0,0,0,0,0,0,0,1,0,0,0
18-Aug-22,1435.39,0,0,0,0,0,0,0,0,0,1,0,0,0,0,0,0,0,0,1,0,0
19-Aug-22,1571.47,0,0,0,0,0,0,0,0,0,1,0,0,0,0,0,0,0,0,0,1,0
20-Aug-22,1205.23,1,0,0,0,0,0,0,0,0,1,0,0,0,0,0,0,0,0,0,0,1
21-Aug-22,1040.19,1,0,0,0,0,0,0,0,0,1,0,0,0,0,1,0,0,0,0,0,0
22-Aug-22,1426.69,0,0,0,0,0,0,0,0,0,1,0,0,0,0,0,1,0,0,0,0,0
23-Aug-22,1086.33,0,0,0,0,0,0,0,0,0,1,0,0,0,0,0,0,1,0,0,0,0
24-Aug-22,1031.2,0,0,0,0,0,0,0,0,0,1,0,0,0,0,0,0,0,1,0,0,0
25-Aug-22,1978.36,0,0,0,0,0,0,0,0,0,1,0,0,0,0,0,0,0,0,1,0,0
26-Aug-22,1281.05,0,0,0,0,0,0,0,0,0,1,0,0,0,0,0,0,0,0,0,1,0
27-Aug-22,1873.86,1,0,0,0,0,0,0,0,0,1,0,0,0,0,0,0,0,0,0,0,1
28-Aug-22,1192.05,1,0,0,0,0,0,0,0,0,1,0,0,0,0,1,0,0,0,0,0,0
29-Aug-22,1196.36,0,0,0,0,0,0,0,0,0,1,0,0,0,0,0,1,0,0,0,0,0
30-Aug-22,894.02,0,0,0,0,0,0,0,0,0,1,0,0,0,0,0,0,1,0,0,0,0
31-Aug-22,1238.24,0,0,0,0,0,0,0,0,0,1,0,0,0,0,0,0,0,1,0,0,0
1-Sep-22,1362.21,0,0,0,0,0,0,0,0,0,0,1,0,0,0,0,0,0,0,1,0,0
2-Sep-22,1176.96,0,0,0,0,0,0,0,0,0,0,1,0,0,0,0,0,0,0,0,1,0
3-Sep-22,712.91,1,0,0,0,0,0,0,0,0,0,1,0,0,0,0,0,0,0,0,0,1
4-Sep-22,1564.86,1,0,0,0,0,0,0,0,0,0,1,0,0,0,1,0,0,0,0,0,0
5-Sep-22,1453.11,0,0,0,0,0,0,0,0,0,0,1,0,0,0,0,1,0,0,0,0,0
6-Sep-22,1217.94,0,0,0,0,0,0,0,0,0,0,1,0,0,0,0,0,1,0,0,0,0
7-Sep-22,1178.41,0,0,0,0,0,0,0,0,0,0,1,0,0,0,0,0,0,1,0,0,0
8-Sep-22,3902.43,0,0,0,0,0,0,0,0,0,0,1,0,0,0,0,0,0,0,1,0,0
9-Sep-22,2522.13,0,0,0,0,0,0,0,0,0,0,1,0,0,0,0,0,0,0,0,1,0
10-Sep-22,525.19,1,0,0,0,0,0,0,0,0,0,1,0,0,0,0,0,0,0,0,0,1
11-Sep-22,1071.44,1,0,0,0,0,0,0,0,0,0,1,0,0,0,1,0,0,0,0,0,0
12-Sep-22,1618.46,0,0,0,0,0,0,0,0,0,0,1,0,0,0,0,1,0,0,0,0,0
13-Sep-22,1061.47,0,0,0,0,0,0,0,0,0,0,1,0,0,0,0,0,1,0,0,0,0
14-Sep-22,819.78,0,0,0,0,0,0,0,0,0,0,1,0,0,0,0,0,0,1,0,0,0
15-Sep-22,1020.87,0,0,0,0,0,0,0,0,0,0,1,0,0,0,0,0,0,0,1,0,0
16-Sep-22,722.13,0,0,0,0,0,0,0,0,0,0,1,0,0,0,0,0,0,0,0,1,0
17-Sep-22,549.39,1,0,0,0,0,0,0,0,0,0,1,0,0,0,0,0,0,0,0,0,1
18-Sep-22,946.07,1,0,0,0,0,0,0,0,0,0,1,0,0,0,1,0,0,0,0,0,0
19-Sep-22,1285.31,0,0,0,0,0,0,0,0,0,0,1,0,0,0,0,1,0,0,0,0,0
20-Sep-22,1260.78,0,0,0,0,0,0,0,0,0,0,1,0,0,0,0,0,1,0,0,0,0
21-Sep-22,1138.54,0,0,0,0,0,0,0,0,0,0,1,0,0,0,0,0,0,1,0,0,0
22-Sep-22,564.09,0,0,0,0,0,0,0,0,0,0,1,0,0,0,0,0,0,0,1,0,0
23-Sep-22,1490.07,0,0,0,0,0,0,0,0,0,0,1,0,0,0,0,0,0,0,0,1,0
24-Sep-22,1342.42,1,0,0,0,0,0,0,0,0,0,1,0,0,0,0,0,0,0,0,0,1
25-Sep-22,1401.83,1,0,0,0,0,0,0,0,0,0,1,0,0,0,1,0,0,0,0,0,0
26-Sep-22,1317.5,0,0,0,0,0,0,0,0,0,0,1,0,0,0,0,1,0,0,0,0,0
27-Sep-22,1430.49,0,0,0,0,0,0,0,0,0,0,1,0,0,0,0,0,1,0,0,0,0
28-Sep-22,1594.39,0,0,0,0,0,0,0,0,0,0,1,0,0,0,0,0,0,1,0,0,0
29-Sep-22,2134.65,0,0,0,0,0,0,0,0,0,0,1,0,0,0,0,0,0,0,1,0,0
30-Sep-22,2456.66,0,0,0,0,0,0,0,0,0,0,1,0,0,0,0,0,0,0,0,1,0
1-Oct-22,1061.64,1,0,0,0,0,0,0,0,0,0,0,1,0,0,0,0,0,0,0,0,1
2-Oct-22,1713.98,1,0,0,0,0,0,0,0,0,0,0,1,0,0,1,0,0,0,0,0,0
3-Oct-22,1670.84,0,0,0,0,0,0,0,0,0,0,0,1,0,0,0,1,0,0,0,0,0
4-Oct-22,1380.1,0,0,0,0,0,0,0,0,0,0,0,1,0,0,0,0,1,0,0,0,0
5-Oct-22,1708.07,0,0,0,0,0,0,0,0,0,0,0,1,0,0,0,0,0,1,0,0,0
6-Oct-22,3752.64,0,0,0,0,0,0,0,0,0,0,0,1,0,0,0,0,0,0,1,0,0
7-Oct-22,1781.34,0,0,0,0,0,0,0,0,0,0,0,1,0,0,0,0,0,0,0,1,0
8-Oct-22,1287.62,1,0,0,0,0,0,0,0,0,0,0,1,0,0,0,0,0,0,0,0,1
9-Oct-22,2374.14,1,0,0,0,0,0,0,0,0,0,0,1,0,0,1,0,0,0,0,0,0
10-Oct-22,2903.55,0,0,0,0,0,0,0,0,0,0,0,1,0,0,0,1,0,0,0,0,0
11-Oct-22,1154.3,0,0,0,0,0,0,0,0,0,0,0,1,0,0,0,0,1,0,0,0,0
12-Oct-22,1467.75,0,0,0,0,0,0,0,0,0,0,0,1,0,0,0,0,0,1,0,0,0
13-Oct-22,1162.22,0,0,0,0,0,0,0,0,0,0,0,1,0,0,0,0,0,0,1,0,0
14-Oct-22,2239.25,0,0,0,0,0,0,0,0,0,0,0,1,0,0,0,0,0,0,0,1,0
15-Oct-22,1425.75,1,0,0,0,0,0,0,0,0,0,0,1,0,0,0,0,0,0,0,0,1
16-Oct-22,1703.25,1,0,0,0,0,0,0,0,0,0,0,1,0,0,1,0,0,0,0,0,0
17-Oct-22,1287.86,0,0,0,0,0,0,0,0,0,0,0,1,0,0,0,1,0,0,0,0,0
18-Oct-22,1529.96,0,0,0,0,0,0,0,0,0,0,0,1,0,0,0,0,1,0,0,0,0
19-Oct-22,1748.53,0,0,0,0,0,0,0,0,0,0,0,1,0,0,0,0,0,1,0,0,0
20-Oct-22,1393.16,0,0,0,0,0,0,0,0,0,0,0,1,0,0,0,0,0,0,1,0,0
21-Oct-22,1648.97,0,0,0,0,0,0,0,0,0,0,0,1,0,0,0,0,0,0,0,1,0
22-Oct-22,1973.17,1,0,0,0,0,0,0,0,0,0,0,1,0,0,0,0,0,0,0,0,1
23-Oct-22,1063.26,1,0,0,0,0,0,0,0,0,0,0,1,0,0,1,0,0,0,0,0,0
24-Oct-22,1236.59,0,1,0,0,0,0,0,0,0,0,0,1,0,0,0,1,0,0,0,0,0
25-Oct-22,1112.09,0,0,0,0,0,0,0,0,0,0,0,1,0,0,0,0,1,0,0,0,0
26-Oct-22,1272.67,0,0,0,0,0,0,0,0,0,0,0,1,0,0,0,0,0,1,0,0,0
27-Oct-22,1150.09,0,0,0,0,0,0,0,0,0,0,0,1,0,0,0,0,0,0,1,0,0
28-Oct-22,1000.91,0,0,0,0,0,0,0,0,0,0,0,1,0,0,0,0,0,0,0,1,0
29-Oct-22,1349.05,1,0,0,0,0,0,0,0,0,0,0,1,0,0,0,0,0,0,0,0,1
30-Oct-22,1494.04,1,0,0,0,0,0,0,0,0,0,0,1,0,0,1,0,0,0,0,0,0
31-Oct-22,1441.81,0,0,0,0,0,0,0,0,0,0,0,1,0,0,0,1,0,0,0,0,0
1-Nov-22,1346.66,0,0,0,0,0,0,0,0,0,0,0,0,1,0,0,0,1,0,0,0,0
2-Nov-22,2233.7,0,0,0,0,0,0,0,0,0,0,0,0,1,0,0,0,0,1,0,0,0
3-Nov-22,1305.7,0,0,0,0,0,0,0,0,0,0,0,0,1,0,0,0,0,0,1,0,0
4-Nov-22,1005.14,0,0,0,0,0,0,0,0,0,0,0,0,1,0,0,0,0,0,0,1,0
5-Nov-22,1740.52,1,0,0,0,0,0,0,0,0,0,0,0,1,0,0,0,0,0,0,0,1
6-Nov-22,1250.55,1,0,0,0,0,0,0,0,0,0,0,0,1,0,1,0,0,0,0,0,0
7-Nov-22,1425.72,0,0,0,0,0,0,0,0,0,0,0,0,1,0,0,1,0,0,0,0,0
8-Nov-22,6357.29,0,0,0,0,0,0,0,0,0,0,0,0,1,0,0,0,1,0,0,0,0
9-Nov-22,5556.73,0,0,0,0,0,0,0,0,0,0,0,0,1,0,0,0,0,1,0,0,0
10-Nov-22,2595.32,0,0,0,0,0,0,0,0,0,0,0,0,1,0,0,0,0,0,1,0,0
11-Nov-22,3242.41,0,0,0,0,0,0,0,0,0,0,0,0,1,0,0,0,0,0,0,1,0
12-Nov-22,2374.56,1,0,0,0,0,0,0,0,0,0,0,0,1,0,0,0,0,0,0,0,1
13-Nov-22,1141.65,1,0,0,0,0,0,0,0,0,0,0,0,1,0,1,0,0,0,0,0,0
14-Nov-22,1553.56,0,0,0,0,0,0,0,0,0,0,0,0,1,0,0,1,0,0,0,0,0
15-Nov-22,1834.9,0,0,0,0,0,0,0,0,0,0,0,0,1,0,0,0,1,0,0,0,0
16-Nov-22,828.4,0,0,0,0,0,0,0,0,0,0,0,0,1,0,0,0,0,1,0,0,0
17-Nov-22,1134.75,0,0,0,0,0,0,0,0,0,0,0,0,1,0,0,0,0,0,1,0,0
18-Nov-22,1770.7,0,0,0,0,0,0,0,0,0,0,0,0,1,0,0,0,0,0,0,1,0
19-Nov-22,1633.4,1,0,0,0,0,0,0,0,0,0,0,0,1,0,0,0,0,0,0,0,1
20-Nov-22,1357.92,1,0,0,0,0,0,0,0,0,0,0,0,1,0,1,0,0,0,0,0,0
21-Nov-22,1650.06,0,0,0,0,0,0,0,0,0,0,0,0,1,0,0,1,0,0,0,0,0
22-Nov-22,2268.12,0,0,0,0,0,0,0,0,0,0,0,0,1,0,0,0,1,0,0,0,0
23-Nov-22,2861.5,0,0,0,0,0,0,0,0,0,0,0,0,1,0,0,0,0,1,0,0,0
24-Nov-22,2473.51,0,0,0,0,0,0,0,0,0,0,0,0,1,0,0,0,0,0,1,0,0
25-Nov-22,3189.54,0,0,0,0,0,0,0,0,0,0,0,0,1,0,0,0,0,0,0,1,0
26-Nov-22,3732.19,1,0,0,0,0,0,0,0,0,0,0,0,1,0,0,0,0,0,0,0,1
27-Nov-22,3515.94,1,0,0,0,0,0,0,0,0,0,0,0,1,0,1,0,0,0,0,0,0
28-Nov-22,6033.24,0,0,0,0,0,0,0,0,0,0,0,0,1,0,0,1,0,0,0,0,0
29-Nov-22,2104.89,0,0,0,0,0,0,0,0,0,0,0,0,1,0,0,0,1,0,0,0,0
30-Nov-22,1935.17,0,0,0,0,0,0,0,0,0,0,0,0,1,0,0,0,0,1,0,0,0
1-Dec-22,3502.44,0,0,0,0,0,0,0,0,0,0,0,0,0,1,0,0,0,0,1,0,0
2-Dec-22,3194.92,0,0,0,0,0,0,0,0,0,0,0,0,0,1,0,0,0,0,0,1,0
3-Dec-22,4606.04,1,0,0,0,0,0,0,0,0,0,0,0,0,1,0,0,0,0,0,0,1
4-Dec-22,6142.42,1,0,0,0,0,0,0,0,0,0,0,0,0,1,1,0,0,0,0,0,0
5-Dec-22,2888.56,0,0,0,0,0,0,0,0,0,0,0,0,0,1,0,1,0,0,0,0,0
6-Dec-22,3461.26,0,0,0,0,0,0,0,0,0,0,0,0,0,1,0,0,1,0,0,0,0
7-Dec-22,5252.01,0,0,0,0,0,0,0,0,0,0,0,0,0,1,0,0,0,1,0,0,0
8-Dec-22,5070.2,0,0,0,0,0,0,0,0,0,0,0,0,0,1,0,0,0,0,1,0,0
9-Dec-22,3378.6,0,0,0,0,0,0,0,0,0,0,0,0,0,1,0,0,0,0,0,1,0
10-Dec-22,3668.07,1,0,0,0,0,0,0,0,0,0,0,0,0,1,0,0,0,0,0,0,1
11-Dec-22,5181.88,1,0,0,0,0,0,0,0,0,0,0,0,0,1,1,0,0,0,0,0,0
12-Dec-22,6706.61,0,0,0,0,0,0,0,0,0,0,0,0,0,1,0,1,0,0,0,0,0
13-Dec-22,5198.71,0,0,0,0,0,0,0,0,0,0,0,0,0,1,0,0,1,0,0,0,0
14-Dec-22,3446.53,0,0,0,0,0,0,0,0,0,0,0,0,0,1,0,0,0,1,0,0,0
15-Dec-22,5885.77,0,0,0,0,0,0,0,0,0,0,0,0,0,1,0,0,0,0,1,0,0
16-Dec-22,5236.73,0,0,0,0,0,0,0,0,0,0,0,0,0,1,0,0,0,0,0,1,0
17-Dec-22,4882.47,1,0,0,0,0,0,0,0,0,0,0,0,0,1,0,0,0,0,0,0,1
18-Dec-22,5841.21,1,0,0,0,0,0,0,0,0,0,0,0,0,1,1,0,0,0,0,0,0
19-Dec-22,6210.76,0,0,0,0,0,0,0,0,0,0,0,0,0,1,0,1,0,0,0,0,0
20-Dec-22,6254.58,0,0,0,0,0,0,0,0,0,0,0,0,0,1,0,0,1,0,0,0,0
21-Dec-22,4322.71,0,0,0,0,0,0,0,0,0,0,0,0,0,1,0,0,0,1,0,0,0
22-Dec-22,5292.09,0,0,0,0,0,0,0,0,0,0,0,0,0,1,0,0,0,0,1,0,0
23-Dec-22,4047.71,0,0,0,0,0,0,0,0,0,0,0,0,0,1,0,0,0,0,0,1,0
24-Dec-22,3830.27,1,0,0,0,0,0,0,0,0,0,0,0,0,1,0,0,0,0,0,0,1
25-Dec-22,2721.17,1,1,0,0,0,0,0,0,0,0,0,0,0,1,1,0,0,0,0,0,0
26-Dec-22,1694.02,0,0,0,0,0,0,0,0,0,0,0,0,0,1,0,1,0,0,0,0,0
27-Dec-22,2362.84,0,0,0,0,0,0,0,0,0,0,0,0,0,1,0,0,1,0,0,0,0
28-Dec-22,1855.26,0,0,0,0,0,0,0,0,0,0,0,0,0,1,0,0,0,1,0,0,0
29-Dec-22,1785.59,0,0,0,0,0,0,0,0,0,0,0,0,0,1,0,0,0,0,1,0,0
30-Dec-22,1606.19,0,0,0,0,0,0,0,0,0,0,0,0,0,1,0,0,0,0,0,1,0
31-Dec-22,1659.8,1,0,0,0,0,0,0,0,0,0,0,0,0,1,0,0,0,0,0,0,1
